drop table member cascade constraint;
drop table movie cascade constraint;
drop table review cascade constraint;
drop table stars cascade constraint;


create table member
(
	memberNo NUMBER PRIMARY KEY NOT NULL,
	memberId VARCHAR2(20) NOT NULL, -- 아이디 중복체크 필요
	memberPass VARCHAR2(30) NOT NULL, -- 비번 확인 필요
	memberName VARCHAR2(20) NOT NULL,
	memberNickname VARCHAR2(30) NOT NULL,
	memberEmail VARCHAR2(30) NOT NULL, -- 이메일 중복체크 필요?
	memberProfile VARCHAR2(100) NOT NULL,
	memberGender CHAR(2) default 'm' NOT NULL,
	memberDel CHAR(1) default 'n' NOT NULL,
	reg_date DATE NOT NULL
);

create table movie
(
	movieNo NUMBER PRIMARY KEY NOT NULL,
	movieName VARCHAR2(200) NOT NULL,
	movieDirector VARCHAR2(60) NOT NULL,
	movieActor1 VARCHAR2(60) NOT NULL,
	movieActor2 VARCHAR2(60) NOT NULL,
	movieDate DATE NOT NULL, -- 개봉일
	movieGenre VARCHAR2(50) NOT NULL, -- 장르
	movieGenreNo NUMBER NOT NULL,
	movieStory VARCHAR2(500) NOT NULL, -- 줄거리
	movieDel CHAR(1) default 'n' NOT NULL
);

create table review
(
	reviewNo NUMBER PRIMARY KEY NOT NULL,
	reviewSubject VARCHAR2(50) NOT NULL,
	reviewContent VARCHAR2(200) NOT NULL,
	memberNo NUMBER references member(memberNo) NOT NULL,
	movieNo NUMBER references movie(movieNo) NOT NULL,
	reviewDate DATE NOT NULL,
	reviewDel CHAR(1) default 'n' NOT NULL
);

create table stars
(
	score NUMBER(2) NOT NULL,
	memberNo NUMBER references member(memberNo) NOT NULL,
	movieNo NUMBER references movie(movieNo) NOT NULL
);
-- 별점 및 별점에 대한 기록 테이블


select * from member;
select * from movie;
select * from stars;
select * from review;

insert into member values (1, 'admin', '123', '관리자', 'manager', 'k1@naver.com', 'ㅎㅇ1', 'm', 'n', sysdate);
insert into member values (2, 'member2', '123', '이름2', '닉네임2', 'k2@naver.com', 'ㅎㅇ2', 'w', 'n', sysdate);
insert into member values (3, 'member3', '123', '이름3', '닉네임3', 'k3@naver.com', 'ㅎㅇ3', 'm', 'n', sysdate);
insert into member values (4, 'member4', '123', '이름4', '닉네임4', 'k4@naver.com', 'ㅎㅇ4', 'w', 'n', sysdate);
insert into member values (5, 'member5', '123', '이름5', '닉네임5', 'k5@naver.com', 'ㅎㅇ5', 'm', 'n', sysdate);
insert into member values (6, 'member6', '123', '이름6', '닉네임6', 'k6@naver.com', 'ㅎㅇ6', 'w', 'n', sysdate);
insert into member values (7, 'member7', '123', '이름7', '닉네임7', 'k7@naver.com', 'ㅎㅇ7', 'm', 'n', sysdate);
insert into member values (8, 'member8', '123', '이름8', '닉네임8', 'k8@naver.com', 'ㅎㅇ8', 'w', 'n', sysdate);
insert into member values (9, 'member9', '123', '이름9', '닉네임9', 'k9@naver.com', 'ㅎㅇ9', 'm', 'n', sysdate);
insert into member values (10, 'member10', '123', '이름10', '닉네임10', 'k10@naver.com', 'ㅎㅇ10', 'w', 'n', sysdate);
insert into member values (11, 'member11', '123', '이름11', '닉네임11', 'k11@naver.com', 'ㅎㅇ11', 'm', 'n', sysdate);
insert into member values (12, 'member12', '123', '이름12', '닉네임12', 'k12@naver.com', 'ㅎㅇ12', 'm', 'n', sysdate);
insert into member values (13, 'member13', '123', '이름13', '닉네임13', 'k13@naver.com', 'ㅎㅇ13', 'm', 'n', sysdate);
insert into member values (14, 'member14', '123', '이름14', '닉네임14', 'k14@naver.com', 'ㅎㅇ14', 'm', 'n', sysdate);
insert into member values (15, 'member15', '123', '이름15', '닉네임15', 'k15@naver.com', 'ㅎㅇ15', 'm', 'n', sysdate);
insert into member values (16, 'member16', '123', '이름16', '닉네임16', 'k16@naver.com', 'ㅎㅇ16', 'w', 'n', sysdate);
insert into member values (17, 'member17', '123', '이름17', '닉네임17', 'k17@naver.com', 'ㅎㅇ17', 'm', 'n', sysdate);
insert into member values (18, 'member18', '123', '이름18', '닉네임18', 'k18@naver.com', 'ㅎㅇ18', 'm', 'n', sysdate);
insert into member values (19, 'member19', '123', '이름19', '닉네임19', 'k19@naver.com', 'ㅎㅇ19', 'm', 'n', sysdate);
insert into member values (20, 'member20', '123', '이름20', '닉네임20', 'k20@naver.com', 'ㅎㅇ20', 'm', 'n', sysdate);
insert into member values (21, 'member21', '123', '이름21', '닉네임21', 'k21@naver.com', 'ㅎㅇ21', 'm', 'n', sysdate);
insert into member values (22, 'member22', '123', '이름22', '닉네임22', 'k22@naver.com', 'ㅎㅇ22', 'w', 'n', sysdate);
insert into member values (23, 'member23', '123', '이름23', '닉네임23', 'k23@naver.com', 'ㅎㅇ23', 'w', 'n', sysdate);
insert into member values (24, 'member24', '123', '이름24', '닉네임24', 'k24@naver.com', 'ㅎㅇ24', 'w', 'n', sysdate);
insert into member values (25, 'member25', '123', '이름25', '닉네임25', 'k25@naver.com', 'ㅎㅇ25', 'w', 'n', sysdate);
insert into member values (26, 'member26', '123', '이름26', '닉네임26', 'k26@naver.com', 'ㅎㅇ26', 'm', 'n', sysdate);
insert into member values (27, 'member27', '123', '이름27', '닉네임27', 'k27@naver.com', 'ㅎㅇ27', 'm', 'n', sysdate);
insert into member values (28, 'member28', '123', '이름28', '닉네임28', 'k28@naver.com', 'ㅎㅇ28', 'm', 'n', sysdate);
insert into member values (29, 'member29', '123', '이름29', '닉네임29', 'k29@naver.com', 'ㅎㅇ29', 'm', 'n', sysdate);
insert into member values (30, 'member30', '123', '이름30', '닉네임30', 'k30@naver.com', 'ㅎㅇ30', 'm', 'n', sysdate);
insert into member values (31, 'member31', '123', '이름31', '닉네임31', 'k31@naver.com', 'ㅎㅇ31', 'm', 'n', sysdate);
insert into member values (32, 'member32', '123', '이름32', '닉네임32', 'k32@naver.com', 'ㅎㅇ32', 'm', 'n', sysdate);
insert into member values (33, 'member33', '123', '이름33', '닉네임33', 'k33@naver.com', 'ㅎㅇ33', 'm', 'n', sysdate);
insert into member values (34, 'member34', '123', '이름34', '닉네임34', 'k34@naver.com', 'ㅎㅇ34', 'm', 'n', sysdate);
insert into member values (35, 'member35', '123', '이름35', '닉네임35', 'k35@naver.com', 'ㅎㅇ35', 'm', 'n', sysdate);
insert into member values (36, 'member36', '123', '이름36', '닉네임36', 'k36@naver.com', 'ㅎㅇ36', 'm', 'n', sysdate);
insert into member values (37, 'member37', '123', '이름37', '닉네임37', 'k37@naver.com', 'ㅎㅇ37', 'm', 'n', sysdate);
insert into member values (38, 'member38', '123', '이름38', '닉네임38', 'k38@naver.com', 'ㅎㅇ38', 'm', 'n', sysdate);
insert into member values (39, 'member39', '123', '이름39', '닉네임39', 'k39@naver.com', 'ㅎㅇ39', 'm', 'n', sysdate);
insert into member values (40, 'member40', '123', '이름40', '닉네임40', 'k40@naver.com', 'ㅎㅇ40', 'w', 'n', sysdate);
insert into member values (41, 'member41', '123', '이름41', '닉네임41', 'k41@naver.com', 'ㅎㅇ41', 'w', 'n', sysdate);
insert into member values (42, 'member42', '123', '이름42', '닉네임42', 'k42@naver.com', 'ㅎㅇ42', 'w', 'n', sysdate);
insert into member values (43, 'member43', '123', '이름43', '닉네임43', 'k43@naver.com', 'ㅎㅇ43', 'w', 'n', sysdate);
insert into member values (44, 'member44', '123', '이름44', '닉네임44', 'k44@naver.com', 'ㅎㅇ44', 'w', 'n', sysdate);
insert into member values (45, 'member45', '123', '이름45', '닉네임45', 'k45@naver.com', 'ㅎㅇ45', 'w', 'n', sysdate);
insert into member values (46, 'member46', '123', '이름46', '닉네임46', 'k46@naver.com', 'ㅎㅇ46', 'w', 'n', sysdate);
insert into member values (47, 'member47', '123', '이름47', '닉네임47', 'k47@naver.com', 'ㅎㅇ47', 'w', 'n', sysdate);
insert into member values (48, 'member48', '123', '이름48', '닉네임48', 'k48@naver.com', 'ㅎㅇ48', 'w', 'n', sysdate);
insert into member values (49, 'member49', '123', '이름49', '닉네임49', 'k49@naver.com', 'ㅎㅇ49', 'w', 'n', sysdate);
insert into member values (50, 'member50', '123', '이름50', '닉네임50', 'k50@naver.com', 'ㅎㅇ50', 'm', 'n', sysdate);
insert into member values (51, 'member51', '123', '이름51', '닉네임51', 'k51@naver.com', 'ㅎㅇ51', 'm', 'n', sysdate);
insert into member values (52, 'member52', '123', '이름52', '닉네임52', 'k52@naver.com', 'ㅎㅇ52', 'm', 'n', sysdate);
insert into member values (53, 'member53', '123', '이름53', '닉네임53', 'k53@naver.com', 'ㅎㅇ53', 'm', 'n', sysdate);
insert into member values (54, 'member54', '123', '이름54', '닉네임54', 'k54@naver.com', 'ㅎㅇ54', 'm', 'n', sysdate);
insert into member values (55, 'member55', '123', '이름55', '닉네임55', 'k55@naver.com', 'ㅎㅇ55', 'm', 'n', sysdate);
insert into member values (56, 'member56', '123', '이름56', '닉네임56', 'k56@naver.com', 'ㅎㅇ56', 'm', 'n', sysdate);
insert into member values (57, 'member57', '123', '이름57', '닉네임57', 'k57@naver.com', 'ㅎㅇ57', 'm', 'n', sysdate);
insert into member values (58, 'member58', '123', '이름58', '닉네임58', 'k58@naver.com', 'ㅎㅇ58', 'm', 'n', sysdate);
insert into member values (59, 'member59', '123', '이름59', '닉네임59', 'k59@naver.com', 'ㅎㅇ59', 'm', 'n', sysdate);
insert into member values (60, 'member60', '123', '이름60', '닉네임60', 'k60@naver.com', 'ㅎㅇ60', 'm', 'n', sysdate);
insert into member values (61, 'member61', '123', '이름61', '닉네임61', 'k61@naver.com', 'ㅎㅇ61', 'w', 'n', sysdate);
insert into member values (62, 'member62', '123', '이름62', '닉네임62', 'k62@naver.com', 'ㅎㅇ62', 'w', 'n', sysdate);
insert into member values (63, 'member63', '123', '이름63', '닉네임63', 'k63@naver.com', 'ㅎㅇ63', 'w', 'n', sysdate);
insert into member values (64, 'member64', '123', '이름64', '닉네임64', 'k64@naver.com', 'ㅎㅇ64', 'm', 'n', sysdate);

insert into movie values (1, '공조2:인터내셔날', '이석훈', '현빈', '다니엘헤니', '2022-09-07', '코미디', 1, '공조 이즈 백! 이번엔 삼각 공조다! 남한으로 숨어든 글로벌 범죄 조직을 잡기 위해 새로운 공조 수사에 투입된 북한 형사 ‘림철령’. 수사 중의 실수로 사이버수사대로 전출됐던 남한 형사 강진태', 'n');
insert into movie values(2, '아바타', '제임스 카메론', '조 샐다나', '샘 워싱턴', '2009-12-17', '판타지', 6, '가까운 미래, 지구는 에너지 고갈 문제를 해결하기 위해 머나먼 행성 판도라에서 대체 자원을 채굴하기 시작한다. 하지만 판도라의 독성을 지닌 대기로 인해 자원 획득에 어려움을 겪게 된 인류는 판도라의 토착민의 외형에 인간의 의식을 주입..', 'n');
insert into movie values(3, '정직한 후보2', '장유정', '라미란', '김무열', '2022-09-28', '코미디', 1, '거짓말 못하는 ‘진실의 주둥이’ 컴백! 이번엔 2명?! 서울시장 선거에서 떨어지며 쫄딱 망한 백수가 된 ‘주상숙’은 우연히 바다에 빠진 한 청년을 구한 일이 뉴스를 타며 고향에서 화려한 복귀의 기회를 잡는다. 하지만 정직하면 할수록 바닥으로 곤두...', 'n');
insert into movie values(4, '늑대사냥', '김홍선', '성동일', '서인국', '2022-09-21', '액션', 2, '인간 스스로 먹잇감이 되다 동남아시아로 도피한 인터폴 수배자들을 이송할 움직이는 교도소 ‘프론티어 타이탄’. 극악무도한 이들과 베테랑 형사들이 필리핀 마닐라 항구에 모이고 탈출을 꿈꾸는 종두, 한국으로 돌아가야만 하는..', 'n');
insert into movie values(5, '육사오(6/45)', '박규태', '고경표', '이이경', '2022-08-24', '코미디', 1, '45개 번호 중에 6개 맞히면 1등인 육사오라는 종이쪼가리, 내가 주웠지 말입니다. 우연히 1등 당첨 로또를 주운 말년 병장 ‘천우’. 심장이 터질듯한 설렘도 잠시, 순간의 실수로 바람을 타고 군사분계선을 넘어간 로또. 바사삭 부서진 멘탈을 부여잡고…기필코 다시 찾아야 한다!', 'n');
insert into movie values(6, '컴백홈', '이연우', '송새벽', '라미란', '2022-10-05', '코미디', 1, '개그맨이 되겠다는 꿈 하나로 서울 상경을 결심한 기세. 그러나 갑작스러운 프로그램 폐지 소식과 함께 꿈도, 돈도, 집도 하루아침에 모든 것을 잃게 되고 15년 만에 고향을 찾는다.', 'n');
insert into movie values(7, '프린세스 아야', '이성강', 'x', 'x', '2019-10-04', '애니메이션', 7, '특별한 비밀을 감춘 프린세스, 운명에 맞서다!  동물로 변하는 저주를 가진 아이들이 태어나는 연리지 왕국. 연리지의 공주 ‘아야’(백아연)는 어린 시절 엄마가 남겨주신 신비로운 힘을 가진 팔찌로 정체를 숨기며 산다.', 'n');
insert into movie values(8, '극한직업', '이병헌', '류승룡', '이하늬', '2019-01-23', '코미디', 1, '불철주야 달리고 구르지만 실적은 바닥, 급기야 해체 위기를 맞는 마약반. 더 이상 물러설 곳이 없는 팀의 맏형 고반장은 국제 범죄조직의 국내 마약 밀반입 정황을 포착하고 장형사, 마형사, 영호, 재훈까지 4명의 팀원들과 함께 잠복 수사에 나선다.', 'n');
insert into movie values(9, '겟아웃', '조던 필', '다니엘 칼루야', '앨리슨 윌리엄스', '2017-05-17', '공포/스릴러', 3, '크리스와 그의 여자친구 로즈는 주말을 맞아 로즈의 부모님 집을 방문한다. 가족들의 과한 친절이 그저 딸이 흑인 남자친구를 데려왔기 때문이라고 생각한 크리스. 하지만 머무는 시간이 길어질수록 이상...', 'n');
insert into movie values(10, '다만 악에서 구하소서', '홍원찬', '황정민', '이정재', '2020-08-05', '액션', 2, '태국에서 충격적인 납치사건이 발생하고 마지막 청부살인 미션을 끝낸 암살자 인남(황정민)은 그것이 자신과 관계된 것임을 알게 된다. 인남은 곧바로 태국으로 향하고, 조력자 유이(박정민)를 만나 사건을 쫓기 시작한다. 한편, ...', 'n');
insert into movie values(11, '범죄도시', '강윤성', '마동석', '윤계상', '2017-10-03', '액션', 2, '“오늘 밤, 다 쓸어버린다!” 2004년 서울… 하얼빈에서 넘어와 단숨에 기존 조직들을 장악하고, 가장 강력한 세력인 춘식이파 보스 황사장(조재윤)까지 위협하며 도시 일대의 최강자로 급부상한 신흥범죄조직의 악랄한 보스 장첸', 'n');
insert into movie values(12, '표류단지', '이시다 히로야스', 'x' , 'x', '2022-09-16', '애니메이션', 7, '망망대해를 표류하며 생존하는 아이들의 모험을 통해 아픈 상처의 치유와 우정을 그린 애니메이션 영화', 'n');
insert into movie values(13, '서울대작전', '문현성', '유아인', '고경표', '2022-08-26', '액션', 2, '전 세계가 열광하는 올림픽을 앞둔 1988년 서울. 패션은 올드 스쿨! 음악은 감성 충만! 레이싱은 월드 최강! 상계동 슈프림팀이 거부할 수 없는 제안을 받고 VIP 비자금 수사 작전에 투입된다. 최강의 드리프터 ‘동욱’(유아인), S.P.Y 디제이...', 'n');
insert into movie values(14, '내부자들', '우민호', '이병헌', '조승우', '2015-12-31', '드라마', 8, '유력한 대통령 후보와 재벌 회장, 그들을 돕는 정치깡패 안상구(이병헌). 뒷거래의 판을 짠 이는 대한민국 여론을 움직이는 유명 논설주간 이강희(백윤식)다. 더 큰 성공을 원한 안상구는 ...', 'n');
insert into movie values(15, '해리포터와 마법사의 돌', '크리스 콜럼버스', '다니엘 래드클리프', '엠마 왓슨', '2001-12-14', '판타지', 6, '해리 포터는 위압적인 버논 숙부와 냉담한 이모 페투니아, 욕심 많고 버릇없는 사촌 더들리 밑에서 갖은 구박을 견디며 계단 밑 벽장에서 생활한다. 이모네 식구들 역시 해리와의 동거가 불편하기는 마찬가지. 이모...', 'n');
insert into movie values(16, '쉰들러 리스트', '스티븐 스필버그', '리암 니슨', '벤 킹슬리', '1994-03-05', '드라마', 8, '시대와 맞선 위대한 용기 그곳에 사람이 있었다 1939년, 독일에게 점령당한 폴란드의 한 도시. 독일인 사업가이자 냉정한 기회주의자인 오스카 쉰들러는 유태인이 경영하는 그릇 공장 인수를 위해 수단과 방법을 아끼지 않는다. 인건비 없이 수백명의 유태인을 고용한 오스카 쉰들러는 우연히...', 'n');
insert into movie values(17, 'ET', '스티븐 스필버그', '헨리 토머스', '디 윌런스스톤', '1984-06-23', 'SF', 4, '어느 한적한 마을의 숲속에 우주선이 나타난다. 우주선에서 내린 외계인들은 지구의 각종 표본들을 채취하던 중 인간들이 나타나자 서둘러 지구를 떠나는데, 그 와중에 뒤쳐진 한 외계인만 홀로 남게 된다. 방황하던 외계인은 한 ..', 'n');
insert into movie values(18, '죠스', '스티븐 스필버그', '로이 샤이더', '로버트 쇼', '1978-04-22', '공포/스릴러', 3, '뉴 잉글랜드의 작은 해안 피서지 애미티. 아주 평화로운 바닷가 마을로, 우정이란 뜻을 가진 이 마을은 전형적인 작은 바닷가 마을이다. 이곳은 여름 피서객들을 상대로 하는 것이 마을 수입의 전부다. 여름이 되어 막 해수욕장이 개장하기에 앞서 한 무리의 ...', 'n');
insert into movie values(19, '끝까지 간다', '김성훈', '이선균', '조진웅', '2014-05-29', '액션', 2, '어머니의 장례식 날, 급한 연락을 받고 경찰서로 향하던 형사 ‘고건수’(이선균). 아내의 이혼 통보와 갑작스런 내사 소식까지, 스트레스 폭발 직전의 건수는 실수로 사람을 치는 사고를 일으키고 만다. 되돌릴 수 없는 상황! 어떻게든 모면해야 하는 건수는 누구도 ...', 'n');
insert into movie values(20, '라디오스타', '이준익', '박중훈', '안성기', '2007-05-30', '코미디', 1, '1988년 가수왕까지 차지하며 최고의 인기를 누렸지만 이제는 사람들에게 잊혀가는 가수 최곤과 그의 오래된 매니저 박민수의 우정을 그린 이준익 감독의 ‘음악영화 3부작’ 중 첫 작품이다. 화려했던 과거에 사로잡혀 있는 최곤을 박민수가 겨우 설득해서 화려함과 ..', 'n');
insert into movie values(21, '변호인', '양우석', '송강호', '김영애', '2013-12-18', '드라마', 8, '1980년대 초 부산. 빽도 없고, 돈도 없고, 가방끈도 짧은 세무 변호사 송우석(송강호). 부동산 등기부터 세금 자문까지 남들이 뭐라든 탁월한 사업수완으로 승승장구하며 부산에서 제일 잘나가고 돈 잘 버는 변호사로 이름을 날린다. 마침내 10대 건설 기업의 스카우...', 'n');
insert into movie values(22, '추격자', '나홍진', '김윤석', '하정우', '2008-02-04', '공포/스릴러', 3, '출장안마소를 운영하는 전직 형사 중호. 최근 데리고 있던 여자들이 잇달아 사라지는 일이 발생하던 중 조금 전 나간 미진을 불러낸 손님의 전화 번호와 사라진 여자들이 마지막으로 통화한 번호가 일치함을 알아낸다. 연락이 두절된 미진을 찾아 헤매던 중 우연히 옷에 피가 묻은 영민과 마주치..', 'n');
insert into movie values(23, '신세계', '박훈정', '이정재', '최민식', '2013-02-21', '액션', 2, '경찰청 수사 기획과 강과장(최민식)은 국내 최대 범죄 조직 골드문이 기업형 조직으로 그 세력이 점점 확장되자 신입경찰 이자성(이정재)에게 잠입 수사를 명한다. 그리고 8년, 자성은 골드문의 2인자이자 그룹 실세인 정청(황정민)의 오른팔이 되기에 이른다. 골드문 회장이 갑작...', 'n');
insert into movie values(24, '왕의남자', '이준익', '감우성', '이준기', '2005-12-29', '드라마', 8, '조선시대 연산조. 남사당패의 광대 장생(감우성)은 힘있는 양반들에게 농락당하던 생활을 거부하고, 자신의 하나뿐인 친구이자 최고의 동료인 공길(이준기 분)과 보다 큰 놀이판을 찾아 한양으로 올라온다. 타고난 재주와 카리스마로 놀이패 무리를 이끌게 된 장생은 공길과 함께 연산..', 'n');
insert into movie values(25, '밀양', '이창동', '송강호', '전도연', '2007-05-17', '멜로/로맨스', 5, '신애는 교통사고로 죽어버린 남편의 고향 밀양으로 아들 준을 데리고 이사한다. 오는 길에 고장난 차를 고쳐주러 온 카센터 사장 종찬의 렉카를 타고 밀양으로 들어가는 세 사람. 신애는 남편의 고향에 덩그러니 정착한 모자를 측은하게 보는 사람들...', 'n');
insert into movie values(26, '사도', '이준익', '송강호', '유아인', '2015-09-16', '드라마', 8, '재위기간 내내 왕위계승 정통성 논란에 시달린 영조는 학문과 예법에 있어 완벽한 왕이 되기 위해 끊임없는 노력을 기울인다. 뒤늦게 얻은 귀한 아들 세자만은 모두에게 인정받는 왕이 되길 바랐지만 기대와 달리 어긋나는 세자에게 실망하게 된다. ...', 'n');
insert into movie values(27, '곡성', '나홍진', '곽도원', '황정민', '2016-05-12', '공포/스릴러', 3, '낯선 외지인이 나타난 후 벌어지는 의문의 연쇄 사건들로 마을이 발칵 뒤집힌다. 경찰은 집단 야생 버섯 중독으로 잠정적 결론을 내리지만 모든 사건의 원인이 그 외지인 때문이라는 소문과 의심이 걷잡을 수 없이 퍼져 나간다. 경찰 ‘종구’(곽도원)는 현...', 'n');
insert into movie values(28, '기생충', '봉준호', '송강호', '최우식', '2019-05-30', '드라마', 8, '폐 끼치고 싶진 않았어요 전원백수로 살 길 막막하지만 사이는 좋은 기택(송강호) 가족. 장남 기우(최우식)에게 명문대생 친구가 연결시켜 준 고액 과외 자리는 모처럼 싹튼 고정수입의 희망이다. 온 가족의 도움과 기대 속에 박사...', 'n');
insert into movie values(29, '베를린', '류승완', '하정우', '전지현', '2013-01-30', '액션', 2, '거대한 국제적 음모가 숨겨진 운명의 도시 베를린. 그 곳에 상주하는 국정원 요원 정진수는 불법무기거래장소를 감찰하던 중 국적불명, 지문마저 감지되지 않는 일명 ‘고스트’ 비밀요원 표종성의 존재를 알게 된다. 그의 정체를 밝혀내기 위해 뒤를 쫓던 정...', 'n');
insert into movie values(30, '오션스일레븐', '스티븐 소더버그', '조지 클루니', '맷 데이먼', '2001-12-07', '공포/스릴러', 3, '최고의 프로들이 라스베가스를 훔친다! 역사상 유례없이 특이한 강도 11명이 한자리에 모였다. 뉴저지 감옥에서 하릴없이 세월을 보내던 대니 오션에게도 좋은 시절이 왔다. 한방에 뜰 기회를 노리던 그에게 가석방으로 하루의 자유시간이 주어진 것. 주도...', 'n');
insert into movie values(31, '하이큐!끝과시작', '미츠나카 스스무', 'x', 'x', '2016-11-16', '애니메이션', 7, '코트 최후의 승자는 바로 우리야! ‘한 때’ 고교 배구의 명문이었던 카라스노 고교에 입학하게 된 의욕 충만한 스파이커 ‘히나타’. 우연히 중학 시절 시합에서 만났던 천재 세터 ‘카게야마’를 같은 학교 배구부에서 만나고, 라이벌 구도...', 'n');
insert into movie values(32, '스파이더맨:노 웨이 홈', '존 왓츠', '톰 홀랜드', '젠데이아', '2021-12-15', '액션', 2, '영화 <스파이더맨: 노 웨이 홈>은 정체가 탄로난 스파이더맨 피터 파커(톰 홀랜드)가 문제를 해결하기 위해 닥터 스트레인지(베네딕트 컴버배치)의 도움을 받던 중 뜻하지 않게 멀티버스가 열리게 되고, 이를 통해 닥터 옥토퍼스(알프리드 몰리나) 등 각기 다른 차...', 'n');
insert into movie values(33, '킹콩',' 피터 잭슨', '나오미 왓츠', '앤디 서키스', '2005-12-05', '액션', 2, '신비로운 해골섬의 전설적인 야수 킹콩, 뉴욕으로 잡혀 온 킹콩이 도심 한복판에서 벌이는 숨막히는 액션과 환상적인 로맨스가 펼쳐진다! 새로운 작품에 대한 열정이 넘치던 영화감독 칼 덴햄(잭 블랙)은 거리에서 우연히 발굴한 매력적인 여인..', 'n');
insert into movie values(34, '짱구는못말려: 수수께끼! 꽃피는 천하떡잎학교', '다카하시 와타루', 'x', 'x', '2022-09-28', '애니메이션', 7, '짱구와 친구들, 명문학교에 입학하다?! 명문 엘리트 양성학교에 체험 입학하게 된 짱구와 친구들! 좋은 성적을 내서 학교에 정식 입학하고 싶은 철수와 장난만 치려는 짱구는 크게 싸우게 된다. 그러던 중 학교에 도는 괴소문의 존재 ‘흡덩귀’에게 철수가 엉덩이를 물린 ..', 'n');
insert into movie values(35, '보이스', '김선', '김곡', '변요한', '2021-09-15', '액션', 2, '단 한 통의 전화! 걸려오는 순간 걸려들었다! 부산 건설현장 직원들을 상대로 걸려온 전화 한 통. 보이스피싱 전화로 인해 딸의 병원비부터 아파트 중도금까지, 당일 현장에서는 수많은 사람들이 목숨 같은...', 'n');
insert into movie values(36, '노 리미트', '데이비드 로젠탈', '소피안 제르마니', '카미유 로', '2022-09-09', '멜로/로맨스', 5, '놀라운 재능을 지닌 젊은 여성. 세계적인 기록을 보유한 노 리미트 프리 다이빙 강사와 깊고 파괴적인 사랑에 빠진다. 매혹적인 영상미의 로맨틱 드라마 영화.', 'n');
insert into movie values(37, '더 울프 오브 월 스트리트', '마틴 스콜세지', '레오나르도 디카프리오', '조나 힐', '2014-01-09', '드라마', 8, '화려한 언변, 수려한 외모, 명석한 두뇌를 지닌 조단 벨포트(레오나르도 디카프리오)는 주가 조작으로 월스트리트 최고의 억만장자가 된다. 주체할 수 없이 많은 돈을 손에 쥔 그는 술과 파티, 여자에게 아낌 없이 쏟아 붓고, 급기야 FBI의 표적이 되는데…', 'n');
insert into movie values(38, '1987', '장준환', '김윤석', '하정우', '2017-12-27', '드라마', 8, '책상을 탁! 치니 억! 하고 죽었습니다 1987년 1월, 경찰 조사를 받던 스물두 살 대학생이 사망한다. 증거인멸을 위해 박처장(김윤석)의 주도 하에 경찰은 시신 화장을 요청하지만, 사망 당일 당직이...', 'n');
insert into movie values(39, '독전', '이해영', '조진웅', '류준열', '2018-05-22', '액션', 2, '아시아 최대 마약 조직, 실체 없는 적을 추적하라. 의문의 폭발 사고 후, 오랫동안 마약 조직을 추적해온 형사 원호(조진웅)의 앞에 조직의 후견인 오연옥(김성령)과 버림받은 조직원 락(류준열)이 나타난다. 그들의 도움으로 아시아 마약 시장의 거물 진하림(김주혁)과 조직의 ...', 'n');
insert into movie values(40, '디지몬 어드벤처', '후지타 토시코', 'x', 'x', '1999-03-07', '애니메이션', 7, '여름방학을 맞아 캠프를 떠난 일곱 친구들인 신태일, 메튜, 한소라, 이미나, 정석, 장한솔, 리키는 우연히 계곡에서 이상한 물건을 발견한다. 그 물건을 집는 순간 디지몬 월드에 떨어져 표류하게 된 아이들...', 'n');
insert into movie values(41, '타짜', '최동훈', '조승우', '김혜수', '2006-09-28', '드라마', 8, '가구공장에서 일하며 남루한 삶을 사는 고니는 대학보다 가난을 벗어나게 해줄 돈이 우선인 청년. 어느 날 고니는 가구공장 한 켠에서 박무석 일행이 벌이는 화투판에 끼게 되지만, 고니는 그 판에서 3년 동안 모아두었던 돈 전부를 날리고 만다. 그것이 전문 도박꾼들이 짜고 친 판이...', 'n');
insert into movie values(42, '호빗: 뜻밖의 여정', '피터 잭슨', '마틴 프리먼', '이안 맥켈런', '2012-12-13', '판타지', 6, '호빗족 ‘빌보 배긴스’는 어느 날 갑자기 찾아온 회색의 마법사 ‘간달프’로부터 뜻밖의 제안을 받는다. 오래 전 난쟁이족의 영토였지만 무시무시한 용 ‘스마우그’에게 빼앗겨 황무지로 변한 동쪽의 ‘외...', 'n');
insert into movie values(43, '베테랑', '류승완', '황정민', '유아인', '2015-08-05', '액션', 2, '한 번 꽂힌 것은 무조건 끝을 보는 행동파 ‘서도철’(황정민), 20년 경력의 승부사 ‘오팀장’(오달수), 위장 전문 홍일점 ‘미스봉’(장윤주), 육체파 ‘왕형사’(오대환), 막내 ‘윤형사’(김시후)까지 겁 없고, 못 잡는 것 없고, 봐 주는 것 없는 특수 강력사건 담당..', 'n');
insert into movie values(44, '너의 이름은', '신카이 마코토', 'x', 'x', '2016-08-26', '애니메이션', 7, '아직 만난 적 없는 너를, 찾고 있어 천년 만에 다가오는 혜성 기적이 시작된다 도쿄에 사는 소년 ‘타키’와 시골에 사는 소녀 ‘미츠하’는 서로의 몸이 뒤바뀌는 신기한 꿈을 꾼다. ', 'n');
insert into movie values(45, '맨프럼어스', '리처드 쉥크만', '존 빌링슬리', '엘렌 크로포드', '2015-08-23', 'SF', 4, '10년간 지방의 대학에서 교수 생활을 하던 중에 종신교수직도 거절하고 돌연 이사를 가려는 존 올드맨 (데이빗 리 스미스 분)은 그의 행동에 의심을 품고 집요하게 추궁하는 동료들이 마련한 환송회에서 갑자기 폭탄선언을 한다. 그건 다름 아닌 자신이 14,000년 전부터 살아온 사람이라는 것...', 'n');
insert into movie values(46, '엑시트', '이상근', '조정석', '윤아', '2019-07-31', '코미디', 1, '짠내 폭발 청년백수, 전대미문의 진짜 재난을 만나다 대학교 산악 동아리 에이스 출신이지만 졸업 후 몇 년째 취업 실패로 눈칫밥만 먹는 용남은 온 가족이 참석한 어머니의 칠순 잔치에서 연회장 직원으로 취업한 동아리 후배 의주를 만난다. 어색한 재회도 잠시...', 'n');
insert into movie values(47, '마약왕', '우민호', '송강호', '조정석', '2018-12-19', '드라마', 8, '국가는 범죄자, 세상은 왕이라 불렀다. “애국이 별게 아니다! 일본에 뽕 팔믄 그게 바로 애국인기라!” 마약도 수출하면 애국이 되던 1970년대 대한민국, 하급 밀수업자였던 이두삼은 우연히 마약 밀수에 가담했다가 마약 제조와 유통 사업에 본능적으로 눈을 뜨게 되면서 사업에 뛰어든다..', 'n');
insert into movie values(48, '블론드', '앤드류 도미닉', '아나 데 아르마스', '애드리언 브로디', '2022-09-16', '드라마', 8, '할리우드 전설 마릴린 먼로의 다사다난했던 사생활과 그녀가 견뎌야 했던 유명세를 대담한 상상력을 더해 재창조한 픽션.', 'n');
insert into movie values(49, '그레이의 50가지 그림자', '샘 테일러 존슨', '다코타 존슨', '제이미 도넌', '2015-02-26', '드라마', 8, '“순수한 사회 초년생인 여대생 ‘아나스타샤’는 어느 날, 아픈 친구를 대신해 모든 것을 다 가진 매력적인 CEO ‘크리스찬 그레이’의 인터뷰를 맡게 된다. 단숨에 사람을 매료시키는 크리스찬 그레이의 마력....', 'n');
insert into movie values(50, '마스터', '조의석', '이병헌', '강동원', '2016-12-21', '액션', 2, '"썩은 머리 이번에 싹 다 잘라낸다" 화려한 언변, 사람을 현혹하는 재능, 정관계를 넘나드는 인맥으로 수만 명 회원들에게 사기를 치며 승승장구해 온 원네트워크 ‘진회장’. 반년간 그를 추적해 온 지..', 'n');
insert into movie values(51, '혈투', '박훈정', '박희순', '진구', '2011-02-24', '액션', 2, '광해군 11년, 만주벌판. 적진 한가운데 고립된 3인의 조선군. 명의 압박으로 청과의 전쟁에 파병된 조선 군장 헌명과 부장 도영은 전투에서 패한 후 적진 한가운데 객잔에 고립되고, 그 곳에서 또 다른 조선군 두수...', 'n');
insert into movie values(52, '나이스 가이즈', '세인 블랙', '러셀 크로우', '라이언 고슬링', '2016-05-20', '액션', 2, '정의롭지 않은 두 남자가 정의를 위해 뭉쳤다! 전직 파이터, 현직 청부폭력업자 잭슨 힐리, 자칭 사설 탐정, 타칭 사기꾼 홀랜드 마치. LA 법무국장 딸의 실종, 포르노 배우의 죽음, 점차 드러나는 디트로이트 자동차 산업의 비밀까지! 캐면..', 'n');
insert into movie values(53, '미녀는 괴로워', '김용화', '김아중', '주진모', '2006-12-14', '코미디', 1, '씨름판에 나가도 거뜬할 체격을 가진, 그러나 한 남자에게 사랑받고 싶은 여린 마음의 한나. 신이 그녀에게 허락한 유일한 선물인 천상의 목소리로 가수를 꿈꾸지만 미녀 가수 ‘아미’의 립싱크에 대신 노래를 불러주는 ‘얼굴 ...', 'n');
insert into movie values(54, '4월은 너의 거짓말', '신조 타케히코', '히로세 스즈', '야마자키 켄토', '2022-04-20', '멜로/로맨스', 5, '지금, 네가 사는 세상은 어떤 색이야? 모노톤의 인생을 살고 있는 천재 피아니스트 ‘코세이’. 어느 날 바이올리니스트 ‘카오리’를 만난다. 어머니의 사망 이후 피아노를 치지 않는 ‘코세이’에게 ‘카오리’는 콩쿨에서 함께 연주해 줄...', 'n');
insert into movie values(55, '다키스트 아워', '조 라이트', '게리 올드만', '크리스틴 스콧 토마스', '2018-01-17', '드라마', 8, '우린 결코 굴복하지 않습니다. 승리가 없으면 생존도 없기 때문입니다. 덩케르크 작전, 그 시작 다키스트', 'n');
insert into movie values(56, '성난 변호사', '허종호', '이선균', '김고은', '2015-10-08', '액션', 2, '“이기는 게 정의지 뭐” 두뇌 상위 1%, 승소확률 100%의 에이스 변호사 ‘변호성’.  대형 소송을 성공적으로 마무리 짓고 승승장구하는 그에게 새로운 의뢰가 들어온다. 바로 시체도 증거도 없는 신촌 여대...', 'n');
insert into movie values(57, '오블리비언', '조셉 코신스키', '톰 크루즈', '모건 프리먼', '2013-04-11', 'SF', 4, '외계인의 침공이 있었던 지구 최후의 날 이후, 모두가 떠나버린 지구의 마지막 정찰병 잭 하퍼는 임무를 수행하던 중 정체불명의 우주선을 발견한다. 자신을 이미 알고 있는 한 여자...', 'n');
insert into movie values(58, '앵그리버드 더 무비', '클레이 케이티스', 'x', 'x', '2016-06-19', '애니메이션', 7, '날지 않는 새들이 살고 있는 평화로운 ‘앵그리 버드 섬’. 모두가 행복한 나날을 보내고 있지만 화가 나면 참지 못하는 ‘레드’와 생각보다 말과 행동이 앞서는 ‘척’, 화만 나면 말 그대로 폭발하는 ‘밤’은 이래저래 혼자가 편하다. 그러던 어느 날, 정체를 알 수 없는 ...', 'n');
insert into movie values(59, '탑건', '토니 스콧', '톰 크루즈', '켈리 맥길리스', '1987-12-09', '액션', 2, '해군 최신 전투기 F-14기를 모는 젊은 조종사 매버릭 대위는 최고의 실력을 자부하는 파일럿으로 최정예 전투기 조종사를 양성하는 ‘탑건’ 훈련학교에 입학하게 된다. 그리고 그곳에서 생도들의 교육을 담당하는 항공물리..', 'n');
insert into movie values(60, '복수는 나의 것', '박찬욱', '송강호', '신하균', '2002-03-29', '공포/스릴러', 3, '선천성 청각 장애인 류에게 누나는 유일한 가족이다. 신부전증을 앓고 있는 누나는 병이 악화되어 신장을 이식하지 않으면 얼마 살 수 없다는 진단을 받는다. 누나와 혈액형이 달라 이식 수술이 좌절된 류는 장기밀매단과 접..', 'n');
insert into movie values(61, '가족', '이정철', '수애', '주현', '2004-05-21', '드라마', 8, '나에겐 식구가 둘 있다. 아빠, 그리고 10살 박이 남동생  정환이... 엄마는 정환이가  네 살 때 돌아가셨다. 난 처음부터 아빠의 딸이길, 이 집에 태어나길 원치 않았다. 교도소에서 지내는 동안, 자유로움은 없었지만 집에서 해방될 수 있어 좋았다. 하지만, 날 기다리고 ..', 'n');
insert into movie values(62, '아메리칸 메이드', '더그 라이만', '톰 크루즈', '도널 글리슨', '2017-09-14', '액션', 2, '뉴욕에서 워싱턴, 워싱턴에서 시카고로. 고객을 목적지까지 안전하게 모시는 것 외에 그 어떤 즐거움도 없던 민항기 1급 파일럿 ‘배리 씰’. 어느 날 배리를 찾아온 CIA 요원 ‘몬티 쉐퍼’에 의해 그의 삶은 180도 뒤바뀌..', 'n');
insert into movie values(63, '해리포터와 비밀의 방', '크리스 콜럼버스', '다니엘 래드클리프', '엠마 왓슨', '2002-12-13', '판타지', 6, '해리 포터에겐 이번 여름방학이 별로 즐겁질 못했다. 마법이라면 질색을 하는 페투니아 이모와 버논 이모부의 구박도 그렇지만, 무엇보다 속상한 건 단짝이었던 론 위즐리와 헤르미온느 그레인저가 그 사이 자신을 까맣게 잊었는지 자신의 편지에 답장 한 통 없다는..', 'n');
insert into movie values(64, '해리포터와 아즈카반의 죄수', '알폰소 쿠아론', '다니엘 래드클리프', '엠마 왓슨', '2004-07-16', '판타지', 6, '13세가 된 해리는 또 한번의 여름 방학을 이모 가족인 더즐리 일가와 우울하게 보내야 했다. 물론 마법을 쓰는 건 일체 금지. 하지만, 버논 이모부의 누이인 마지 아줌마가 더즐리 가를 방문하면서 상황은 변한다. 위압적인 마지는 해리에겐 늘 공포의 대상. 마지 아줌마 때문에 스트레스를 받..', 'n');
insert into movie values(65, '해리포터와 불의 잔', '마이크 뉴웰', '다니엘 래드클리프', '엠마 왓슨', '2005-11-18', '판타지', 6, '요즘 들어 매일 꾸는 악몽 때문에 이마의 상처에 더욱 통증을 느끼는 해리는 론, 헤르미온느와 함께 퀴디치 월드컵에 참가해 악몽에서 벗어날 수 있게 돼 마냥 기쁘다. 그러나 퀴디치 캠프장 근방 하늘에 불길한 기운이 나타난다. 바로 마왕 볼드모트의 상징인 어둠의 표식이 나...', 'n');
insert into movie values(66, '해리포터와 불사조 기사단', '데이빗 예이츠', '다니엘 래드클리프', '엠마 왓슨', '2007-07-12', '판타지', 6, '호그와트 최대 위기! 볼드모트 그가 돌아왔다! 어둠의 세력에 빠진 호그와트를 구하기 위해 해리포터와 불사조 기사단, 그들이 손을 잡았다! 호그와트 마법학교에서 5번째 해를 맞이하게 된 해리포터. 헤르미온느와 론과의 관계도 소원하고 예..', 'n');
insert into movie values(67, '해리포터와 혼혈왕자', '데이빗 예이츠', '다니엘 래드클리프', '엠마 왓슨', '2009-07-15', '판타지', 6, '어둠의 세력이 더욱 강력해져 머글 세계와 호그와트까지 위협해온다. 위험한 기운을 감지한 덤블도어 교수는 다가올 전투에 대비하기 위해 해리 포터와 함께 대장정의 길을 나선다. 볼드모트를 물리칠 수 있는 ....', 'n');
insert into movie values(68, '해리포터와 죽음의 성물1', '데이빗 예이츠', '다니엘 래드클리프', '엠마 왓슨', '2010-11-19', '판타지', 6, '덤블도어 교장의 죽음 이후, 마법부는 죽음을 먹는 자들에게 점령당하고 호그와트는 위기에 빠진다. 이에 해리와 론, 헤르미온느는 볼드모트를 물리칠 수 있는 유일한 단서이자 그의 영혼이 담긴 성물 호크룩스를...', 'n');
insert into movie values(69, '해리포터와 죽음의 성물2', '데이빗 예이츠', '다니엘 래드클리프', '엠마 왓슨', '2011-07-14', '판타지', 6, '모든 것을 끝낼 최후의 전투!  판타지의 아름다운 역사가 드디어 마침표를 찍는다!   덤블도어 교장이 남긴 ‘죽음의 성물’의 단서를 쫓던 해리 포터는 볼드모트가 그토록 찾아 다닌 절대적인 힘을 가진 지팡이의 비밀을 통해 드디어 마지막 퍼즐을 완성한다. 볼드모트의 영혼이 ...', 'n');
insert into movie values(70, '호빗: 스마우그의 폐허', '피터 잭슨', '마틴 프리먼', '이안 맥켈런', '2013-12-12', '판타지', 6, '마침내 역사상 가장 치열한 최강의 전쟁이 시작된다! 사나운 용 스마우그가 빼앗아간 동쪽의 외로운 산 에레보르 왕국을 되찾기 위해 뜻하지 않은 여정을 떠나게 된 호빗 빌보 배긴스와 간달프, 난쟁이족 왕족의 후예 소린이 이끄는 13명의 난쟁이족. 레골라스와 그의.', 'n');
insert into movie values(71, '호빗: 다섯 군대 전투', '피터 잭슨', '마틴 프리먼', '이안 맥켈런', '2014-12-17', '판타지', 6, '마침내 거대한 여정이 끝난다! 누군가는 죽고 누군가는 승리한다! 빌보 배긴스, 참나무 방패 소린, 난쟁이 족이 떠난 거대한 여정 끝, 난쟁이 족은 원래 자신들의 터전이던 에레보르에 있는 엄청난 보물을 되찾지만..', 'n');
insert into movie values(72, '반지의 제왕 : 반지 원정대', '피터 잭슨', '일라이저 우드', '이안 맥켈런', '2002-02-04', '판타지', 6, '마지막 반지를 차지하는 자 모든 힘을 지배하게 될 것이다! 모든 힘을 지배할 악의 군주 사우론의 절대반지가 깨어나고 악의 세력이 세상을 지배해가며 중간계는 대혼란에 처한다. 호빗‘프로도와 그의 친구들, 엘프 레골라스, 인간 전사 아라곤과 보로미르 드워프 김리..', 'n');
insert into movie values(73, '반지의 제왕 : 두 개의 탑', '피터 잭슨', '일라이저 우드', '이안 맥켈런', '2002-12-19', '판타지', 6, '모든 힘을 지배할 악의 군주 사우론의 절대반지가 깨어나고 악의 세력이 세상을 지배해가며 중간계는 대혼란에 처한다. 호빗 프로도와 그의 친구들, 엘프 레골라스, 인간 전사 아라곤과 보로미르 드워프 김리 그리고 마법사 간달프로 구..', 'n');
insert into movie values(74, '반지의 제왕 : 왕의 귀환', '피터 잭슨', '일라이저 우드', '이안 맥켈런', '2003-12-17', '판타지', 6, '모든 힘을 지배할 악의 군주 사우론의 절대반지가 깨어나고 악의 세력이 세상을 지배해가며 중간계는 대혼란에 처한다. 호빗 프로도와 그의 친구들, 엘프 레골라스, 인간 전사 아라곤과 보로미르 드워프 김리 그리고 마법사 간달프로 구..', 'n');
insert into movie values(75, '마션', '리들리 스콧', '맷 데이먼', '제시카 차스테인', '2015-10-08', 'SF', 4, 'NASA 아레스3탐사대는 화성을 탐사하던 중 모래폭풍을 만나고 팀원 마크 와트니가 사망했다고 판단, 그를 남기고 떠난다. 극적으로 생존한 마크 와트니는 남은 식량과 기발한 재치로 화성에서 살아남을 방법을 찾으며 자신이 살아있음을 알리려 노력한다. 마침내, 자신이 살아...', 'n');
insert into movie values(76, '테넷', '크리스토퍼 놀란', '존 데이비드 워싱턴', '로버트 패틴슨', '2020-08-26', 'SF', 4, '당신에게 줄 건 한 단어 테넷 시간을 추격하라! 시간의 흐름을 뒤집는 인버전을 통해 현재와 미래를 오가며 세상을 파괴하려는 사토르를 막기 위해 투입된 작전의 주도자. 인버전에 대한 정보를 가진 닐과 미술품 감정사이자 사토..', 'n');
insert into movie values(77, '메멘토', '크리스토퍼 놀란', '가이 피어스', '캐리 앤 모스', '2001-03-16', '공포/스릴러', 3, '아내가 살해당한 후, 10분밖에 기억 못하는 단기기억상실증에 걸린 남자가 사진, 메모, 문신으로 남긴 기록을 따라 범인을 쫓는 기억 추적 스릴러', 'n');
insert into movie values(78, '덩케르크', '크리스토퍼 놀란', '핀 화이트헤드', '마크 라이런스', '2017-07-20', '드라마', 8, '"우린 끝까지 싸울 것이다" 살아남는 것이 승리다! 해변: 보이지 않는 적에게 포위된 채 어디서 총알이 날아올지 모르는 위기의 일주일 바다: 군인들의 탈출을 돕기 위해 배를 몰고 덩케르크로 항해하는 하루 하늘: 적의..', 'n');
insert into movie values(79, '인셉션', '크리스토퍼 놀란', '레오나르도 디카프리오', '조셉 고든 레빗', '2010-07-21', 'SF', 4, '타인의 꿈에 들어가 생각을 훔치는 특수 보안요원 코브. 그를 이용해 라이벌 기업의 정보를 빼내고자 하는 사이토는 코브에게 생각을 훔치는 것이 아닌, 생각을 심는 ‘인셉션’ 작전을 제안한다. 성공 조건으로 국제적인 수배자..', 'n');
insert into movie values(80, '다크나이트', '크리스토퍼 놀란', '크리스찬 베일', '히스 레저', '2008-08-06', '드라마', 8, '범죄와 부정부패를 제거하여 고담시를 지키려는 배트맨. 그는 짐 고든 형사와 패기 넘치는 고담시 지방 검사 하비 덴트와 함께 도시를 범죄 조직으로부터 영원히 구원하고자 한다. 세 명의 의기투합으로 위기에 처한 악당들이 모인 자리에 보라색 양복..', 'n');
insert into movie values(81, '인터스텔라', '크리스토퍼 놀란', '매튜 맥커너히', '앤 해서웨이', '2014-11-06', 'SF', 4, '세계 각국의 정부와 경제가 완전히 붕괴된 미래가 다가온다. 지난 20세기에 범한 잘못이 전 세계적인 식량 부족을 불러왔고, NASA도 해체되었다. 이때 시공간에 불가사의한 틈이 열리고, 남은 자들에게는 이...', 'n');
insert into movie values(82, '짱구는 못말려 : 격돌! 낙서왕국과 얼추 네 명의 용사들', '쿄고쿠 타카히코', 'x', 'x', '2020-09-11', '애니메이션', 7, '아이들의 낙서가 사라져 붕괴 위기에 처한 낙서왕국은 낙서 에너지를 모으기 위해 지구 침공을 시작한다. 낙서왕국의 위험한 작전을 막기 위해 지상의 용사로 선택 받은 짱구는 그림에 생명을 불어넣는 미라클 크레용을 얻게 된다. 쓰윽 쓰..', 'n');
insert into movie values(83, '짱구는 못말려 : 신혼여행 허리케인~ 사라진 아빠!', '하시모토 마사카즈', 'x', 'x', '2019-04-19', '애니메이션', 7, '아름다운 호주의 한 섬으로 신혼여행을 떠난 짱구네 가족. 즐거운 시간도 잠시, 수수께끼 원주민 가면족에게 사로잡혀 아빠가 사라진다. 이 섬에는 50년에 한 번 엄청난 보물을 얻을 수 있다는 전설이 있는데, 그 보물을 여는 ..', 'n');
insert into movie values(84, '이웃집 토토로', '미야자키 하야오', 'x', 'x', '2001-07-27', '애니메이션', 7, '1955년 일본의 아름다운 시골 마을, 상냥하고 의젓한 11살 사츠키와 장난꾸러기에 호기심 많은 4살의 메이 는 사이좋은 자매로 아빠와 함께 도시를 떠나 시골로 이사온다. 자상한 아빠 쿠사카베 타츠오는 도쿄에서 대학 연구원이며, 입원 중이지만 따뜻한 미소를 잃지 않는 엄마가 있다. 곧...', 'n');
insert into movie values(85, '하울의 움직이는 성', '미야자키 하야오', 'x', 'x', '2004-12-24', '애니메이션', 7, '19세기 말 마법과 과학이 공존하고 있는 세계 앵거리. 소피는 돌아가신 아버지의 모자상점에서 쉴틈없이 일하는 18살 소녀이다. 어느 날 오랫만에 마을로 나간 소피는 우연히 하울을 만나게 된다. 하울은 왕실 마법사로서 핸섬하지만 조금 겁이 많은 청년이다. 황무지 마녀는 두 사람의 ...', 'n');
insert into movie values(86, '센과 치히로의 행방불명', '미야자키 하야오', 'x', 'x', '2002-06-28', '애니메이션', 7, '평범한 열 살 짜리 소녀 치히로 식구는 이사 가던 중 길을 잘못 들어 낡은 터널을 지나가게 된다. 터널 저편엔 폐허가 된 놀이공원이 있었고 그곳엔 이상한 기운이 흘렀다. 인기척 하나 없는 이 마을의 낯선 분위기에 불길한 기운을 느낀 치히로는 부모님에게 돌아가자고 조르지만...', 'n');
insert into movie values(87, '천공의 섬 라퓨타', '미야자키 하야오', 'x', 'x', '2004-04-30', '애니메이션', 7, '광산촌 슬랙 계곡의 기계 견습공인 고아 소년 파즈는 어느날 빛이 나는 목걸이를 한 채 하늘에서 떨어지던 소녀시타를 구해준다. 소녀는 대대로 전해져 오던 목걸이(비행석)로 인해 정부군과 해적 도라 일당들에게 쫓기고 있던 신세. 시타가 이들로부터 무사히 도망갈 수 있게 도와주던 중 파즈는 ...', 'n');
insert into movie values(88, '벼랑위의 포뇨', '미야자키 하야오', 'x', 'x', '2008-07-19', '애니메이션', 7, '호기심 많은 물고기 소녀 포뇨는 따분한 바다 생활에 싫증을 느끼고, 급기야 아빠 몰래 늘 동경하던 육지로 가출을 감행한다. 해파리를 타고 육지로 올라온 포뇨는 그물에 휩쓸려 유리병 속에 갇히는 위기에 처하게 된다. 때마침 해변가에 놀러 나온 소년 소스케의 도움으로 구출되는 포뇨....', 'n');
insert into movie values(89, '날씨의 아이', '신카이 마코토', 'x', 'x', '2019-10-30', '애니메이션', 7, '이제 비는 그치고,  우리의 세상이 빛나기 시작할 거야 비가 그치지 않던 어느 여름날,  가출 소년 호다’는 수상한 잡지사에 취직하게 되고  비밀스러운 소녀 히나를 우연히 만난다. 지금부터 하늘이 맑아질 거야 그녀의 기도에 거짓말 같이 빗줄기는 멈...', 'n');
insert into movie values(90, '나는 내일, 어제의 너와 만난다', '미키 타카히로', '후쿠시 소타', '고마츠 나나', '2016-12-17', '멜로/로맨스', 5, '내일, 만날 수 있을까? 어제의 너를- 스무 살의 타카토시는 지하철에서 우연히 만난 에미를 보고 순식간에 마음을 빼앗긴다. 운명 같은 끌림을 느낀 타카토시의 고백으로 두 사람은 연인이 되고, 매일 만나 행복한 데이트를 한다. 하지만, 왠지 종종 의미를 알 수 없는 눈...', 'n');
insert into movie values(91, '너의 췌장을 먹고싶어', '츠키카와 쇼', '하마베 미나미', '키타무라 타쿠미', '2017-10-25', '멜로/로맨스', 5, '너는 싫어할지도 모르겠지만, 역시… 너의 췌장을 먹고 싶어 나는 그때, 그 말의 의미를 알지 못했다. 스스로를 외톨이로 만드는 나. 학교 최고의 인기인 그녀. 어느 날, 우연히 주운 [공병문고]를 통해 나는 그녀와 비밀을 공유하게 되었다. 너 말이야, ...', 'n');
insert into movie values(92, '건축학개론', '이용주', '이제훈', '배수지', '2012-03-22', '멜로/로맨스', 5, '어쩌면…사랑할 수 있을까? 건축학개론 수업에서 그녀를 처음 만났다 생기 넘치지만 숫기 없던 스무 살, 건축학과 승민은 건축학개론 수업에서 처음 만난 음대생 서연에게 반한다. 함께 숙제를 하게....', 'n');
insert into movie values(93, '올드보이', '박찬욱', '최민식', '유지태', '2003-11-21', '드라마', 8, '오대수는 어느 날 술이 거나하게 취해 집에 돌아가는 길에 누군가에게 납치, 사설 감금방에 갇히게 된다. 중국집 군만두만을 먹으며 8평이라는 제한된 공간에서 그가 할 수 있는 일이라곤 텔레비전 보는 게 전부. 1년이 지났을 무렵, 뉴스를 통해 나오는 아내의 살해소식. 게다가 아내의 살인...', 'n');
insert into movie values(94, '좋은 놈, 나쁜 놈, 이상한 놈', '김지운', '송강호', '이병헌', '2008-07-17', '액션', 2, '1930년대, 다양한 인종이 뒤엉키고 총칼이 난무하는 무법천지 만주에서 각자 다른 방식으로 격동기를 살아가는 조선의 풍운아, 세 명의 남자가 운명처럼 맞닥뜨린다.  돈 되는 건 뭐든 사냥하는 현상금 사냥꾼 박도원,...', 'n');
insert into movie values(95, '달콤한 인생', '김지운', '이병헌', '김영철', '2005-04-01', '드라마', 8, '서울 하늘 한 켠, 섬처럼 떠 있는 한 호텔의 스카이라운지. 그 곳은 냉철하고 명민한 완벽주의자 선우의 작은 성이다. 왜라고 묻지 않는 과묵한 의리, 빈틈 없는 일 처리로 보스 강사장의 절대적 신뢰를 획득, 스카이라운지의 경영을 책임지기까지, 그는 꼬박 7년의 세월을 바쳤...', 'n');
insert into movie values(96, '악마를 보았다', '김지운', '이병헌', '최민식', '2010-08-12', '공포/스릴러', 3, '국정원 경호요원 수현은 약혼녀 주연이 잔인하게 살해당하자 자신에게 가장 소중한 사람을 지켜내지 못했다는 자괴감과 분노로 가장 고통스러운 복수를 다짐한다. 수현은 연쇄살인마 장경철이 ...', 'n');
insert into movie values(97, '남산의 부장들', '우민호', '이병헌', '이성민', '2020-01-22', '드라마', 8, '각하, 제가 어떻게 하길 원하십니까 1979년 10월 26일, 중앙정보부장 김규평이 대한민국 대통령을 암살한다. 이 사건의 40일전, 미국에서는 전 중앙정보부장 박용각이 청문회를 통해 전 세계...', 'n');
insert into movie values(98, '백두산', '이해준', '이병헌', '하정우', '2019-12-19', '액션', 2, '대한민국 관측 역사상 최대 규모의 백두산 폭발 발생. 갑작스러운 재난에 한반도는 순식간에 아비규환이 되고, 남과 북 모두를 집어삼킬 추가 폭발이 예측된다. 사상 초유의 재난을 막기 위해 전유경은 백두산 폭발을 연구해 온 지질학 교수 강봉래의 이론에 따른 작전을 계...', 'n');
insert into movie values(99, '알 포인트', '공수창', '감우성', '손병호', '2004-08-13', '공포/스릴러', 3, '1972년, 베트남 전쟁의 막바지, 200명의 부대원 중, 혼자 살아 남은 혼바우 전투의 생존자 최태인 중위는 악몽에 시달리며 괴로워한다. 그러나 그의 본대 복귀 요청은 철회되고, CID 부대장은 그에게 비밀 ...', 'n');
insert into movie values(100, '어스', '조던 필', '루피타 뇽오', '윈스턴 듀크', '2019-03-27', '공포/스릴러', 3, '우리는 누구인가? 엄마, 아빠, 딸, 아들 그리고 다시 엄마, 아빠, 딸, 아들..', 'n');
insert into movie values(101, '타짜 : 신의손', '강형철', 'TOP', '신세경', '2014-09-03', '드라마', 8, '어린 시절부터 삼촌 고니를 닮아 도박에 타고난 소질을 보이던 대길은 고향을 떠나 서울 강남의 하우스에서 심부름꾼으로 일하며 호시탐탐 판에 끼어들 기회를 노린다. 충청도에서 원정 온 호구들을 상대로 화려하게 데뷔한 대길은 하우스의 ...', 'n');
insert into movie values(102, '타짜 : 원 아이드 잭', '권오광', '박정민', '류승범', '2019-09-11', '드라마', 8, '전설적인 타짜인 짝귀의 아들 도일출은 한쪽 눈을 실명한 정체불명의 타짜 애꾸를 만나면서 진정한 고수들의 세계에 입문하게 된다. 애꾸로부터 무엇이든 될 수 있고 누구든 이길 수 있는 무적의 카드 원 아이....', 'n');
insert into movie values(103, '스파이더맨 : 파 프롬 홈', '존 왓츠', '톰 홀랜드', '제이크 질렌할', '2019-07-02', '액션', 2, '모든 것이 다시 시작된다 엔드게임 이후 변화된 세상, 스파이더맨 피터 파커는 학교 친구들과 유럽 여행을 떠나게 된다. 그런 그의 앞에 닉 퓨리가 등장해 도움을 요청하고 정체불명의 조력자 미스테리오까지 합류하게 되면서 전 세계를 ....', 'n');
insert into movie values(104, '스파이더맨 : 홈 커밍', '존 왓츠', '톰 홀랜드', '마이클 키튼', '2017-07-05', '액션', 2, '시빌 워 당시 토니 스타크에게 발탁되어 대단한 활약을 펼쳤던 스파이더맨 피터 파커. 그에게 새로운 수트를 선물한 토니 스타크는 위험한 일은 하지 말라며 조언한다. 하지만 허세와 정의감으...', 'n');
insert into movie values(105, '다크나이트 라이즈', '크리스토퍼 놀란', '크리스찬 베일', '마이클 케인', '2012-07-19', '액션', 2, '배트맨이 조커와의 대결을 끝으로 세상에서 모습을 감춘 8년 후, 하비 덴트의 죽음에 대한 책임을 떠안은 배트맨은 모든 것을 희생하며 떠나고... 범죄방지 덴트법으로 인해 한동안 평화가 지속되던 고담시의 파멸을 예고하며 나타난 마스크를 쓴 잔인한 악당, 최강의 적 베인이...', 'n');
insert into movie values(106, '분노의 질주 : 더 익스트림', 'F.게리 그레이', '빈 디젤', '드웨인 존슨', '2017-04-13', '액션', 2, '마침내 평화로운 일상으로 돌아온 리더 도미닉과 멤버들. 그러던 어느 날, 멤버들은 도미닉이 첨단 테러 조직의 리더 사이퍼와 함께 사상 최악의 테러를 계획하고 있음을 알게 된다. 리더의 배신으로 위기에 놓인 멤버들은 한때 팀을 모두 전멸시키려 했던 데카드 쇼...', 'n');
insert into movie values(107, '언차티드', '루벤 플레이셔', '톰 홀랜드', '마크 윌버그', '2022-02-16', '액션', 2, '모든 것을 걸었다면 세상 누구보다 빠르게 찾아야 한다! 평범한 삶을 살던 네이선은 인생을 바꿀 뜻밖의 제안을 받는다. 그의 미션은 위험한 트레져 헌터 설리와 함께 사....', 'n');
insert into movie values(108, '어거스트 러쉬', '커스틴 쉐리단', '프레디 하이모어', '케리 러셀', '2007-12-29', '드라마', 8, '꿈보다 아름답던 단 하룻밤, 그 이후.. 음악이 있는 한, 우리는 다시 만나게 될 거야 매력적인 밴드 싱어이자 기타리스트, 첫 눈에 반한 그녀를 단 한번도 잊어본 적 없지만 그녀를 놓친 후 음악의 열정을 모두 잃어버린 남자 루이스 촉망 받는 첼리스트였지만 사랑하는 사람과 아이를 떠나 보내고 11...', 'n');
insert into movie values(109, '이상한 나라의 수학자', '박동훈', '최민식', '김동휘', '2022-03-09', '드라마', 8, '정답보다 중요한 건 답을 찾는 과정이야 학문의 자유를 갈망하며 탈북한 천재 수학자 이학성. 그는 자신의 신분과 사연을 숨긴 채 상위 1%의 영재들이 모인 자사고의 경비원으로 살아간다. 차갑고 무뚝뚝한 표정으로 학생들의 기피 대상 1호인 이학성은...', 'n');
insert into movie values(110, '브로커', '고레에다 히로카즈', '송강호', '강동원', '2022-06-08', '드라마', 8, '세탁소를 운영하지만 늘 빚에 시달리는 상현과 베이비 박스 시설에서 일하는 보육원 출신의 동수. 거센 비가 내리는 어느 날 밤, 그들은 베이비 박스에 놓인 한 아기를 몰래 데려간다. 하지만 이튿날, 생각지 못하게 엄마 소영이 아기 우성을 찾으러 돌아온다. ...', 'n');
insert into movie values(111, '범죄도시2', '이상용', '마동석', '손석구', '2022-05-18', '액션', 2, '느낌 오지? 이 놈 잡아야 하는 거 가리봉동 소탕작전 후 4년 뒤, 금천서 강력반은 베트남으로 도주한 용의자를 인도받아 오라는 미션을 받는다. 괴물형사 마석도와 전일만 반장은 현지 용의자에게서 수상함을 느끼고, 그의 뒤에 무자비한...', 'n');
insert into movie values(112, '장르만 로맨스', '조은지', '류승룡', '오나라', '2021-11-17', '코미디', 1, '매일매일 버라이어티한 그 작가의 사생활 개봉박두! 쿨내진동 이혼부부 일촉즉발 비밀커플 주객전도 스승제자 알쏭달쏭 이웃사촌 평범하지 않은 로맨스로 얽힌 이들의 사생활이 밝혀진다...', 'n');
insert into movie values(113, '모가디슈', '류승완', '김윤석', '조인성', '2021-07-28', '드라마', 8, '내전으로 고립된 낯선 도시, 모가디슈 지금부터 우리의 목표는 오로지 생존이다! 대한민국이 UN가입을 위해 동분서주하던 시기. 1991년 소말리아의 수도 모가디슈에서는 일촉즉발의 내전이 일어난다. 통신마저 끊긴 그 곳에 고립된 ...', 'n');
insert into movie values(114, '아수라', '김성수', '정우성', '황정민', '2016-09-28', '액션', 2, '강력계 형사 한도경은 이권과 성공을 위해 각종 범죄를 저지르는 악덕시장 박성배의 뒷일을 처리해주는 대가로 돈을 받는다. 악에 계속 노출되는 사이, 말기 암 환자인 아내의 병원비를 핑계로 돈 되는 건 뭐든 하는 악인의 길로 들어서게 된 한...', 'n');
insert into movie values(115, '이미테이션 게임', '모튼 틸덤', '베네딕트 컴버배치', '키이라 나이틀리', '2015-02-17', '드라마', 8, '24시간 마다 바뀌는 해독불가 암호. 암호를 풀고 1,400 만 명의 목숨을 구한 천재 수학자. 매 순간 3명이 죽는 사상 최악의 위기에 처한 제 2차 세계대전. 절대 해독이 불가능한 암호 에니그마로 인해 연합군은 속수무책으로 당하게 ...', 'n');
insert into movie values(116, '너의 결혼식', '이석근', '박보영', '김영광', '2018-08-22', '멜로/로맨스', 5, '고3 여름, 전학생 승희를 보고 첫눈에 반한 우연. 승희를 졸졸 쫓아다닌 끝에 마침내 공식커플로 거듭나려던 그때, 잘 지내라는 전화 한 통만 남긴 채 승희는 사라져버리고, 우연의 첫사랑은 그렇게 막을 ...', 'n');
insert into movie values(117, '부당거래', '류승완', '황정민', '류승범', '2010-10-28', '드라마', 8, '온 국민을 충격으로 몰아넣은 연쇄 살인 사건. 계속된 검거 실패로 대통령이 직접 사건에 개입하고, 수사 도중 유력한 용의자가 사망하는 사고가 발생하자 경찰청은 마지막 카드를 꺼내든다. 가짜 범인인 배우를 만들어 사건을 종...', 'n');
insert into movie values(118, '빅쇼트', '아담 맥케이', '크리스찬 베일', '라이언 고슬링', '2016-01-21', '드라마', 8, '2005년, 모두를 속인 채 돈 잔치를 벌인 은행들. 그리고 이를 정확히 꿰뚫고 월스트리트를 물 먹인 4명의 괴짜 천재들. 20조의 판돈, 세계 경제를 걸고 은행을 상대로 한 진짜 도박! 그들이 움직이기 시작했다!', 'n');
insert into movie values(119, '검사외전', '이일형', '황정민', '강동원', '2016-02-03', '드라마', 8, '진실 앞에 무대뽀, 다혈질 검사,  살인 누명을 쓰고 감옥에 갇히다.  거친 수사 방식으로 유명한 다혈질 검사 변재욱. 취조 중이던 피의자가 변사체로 발견 되면서 살인 혐의로 체포된다. 꼼짝없이 살인 누명을 쓰게 된 변재욱은 결국 15년 형을 받고 수감...', 'n');
insert into movie values(120, '스파이더맨 : 뉴 유니버스', '밥 퍼시케티', 'x', 'x', '2018-12-12', '애니메이션', 7, '평범한 10대 마일스가 우연히 방사능 거미에 물려 스파이더맨 능력을 얻게 된다. 혼란스러워하던 마일스는 악당과 싸우고 있는 피터 B. 파커를 만나게 되고, 피터 B. 파커는 마일스가 자신과 같은 능력을 가지고 있음을 직감한다. 서로를 만나면서 여러 ...', 'n');
insert into movie values(121, '굿 라이어', '빌 콘돈', '헬렌 미렌', '이안 맥컬런', '2019-12-05', '드라마', 8, '부유한 미망인 베티는 온라인 데이트 사이트에서 로이를 만나고, 두 사람은 서로를 의지하며 좋은 관계를 만들어나간다. 하지만 사실 로이는 베티의 돈을 노리고 의도적으로 접근했던 것...', 'n');
insert into movie values(122, '관상', '한재림', '송강호', '이정재', '2013-09-11', '드라마', 8, '얼굴을 보면 그 사람의 모든 것을 꿰뚫어보는 천재 관상가 내경. 처남 팽헌, 아들 진형과 산속에 칩거하고 있던 그는 관상 보는 기생 연홍의 제안으로 한양으로 향하고, 연홍의 기방에서 사람들의 관상을 봐주는 일을 하게 된다. ...', 'n');
insert into movie values(123, '사자', '김주환', '박서준', '안성기', '2019-07-31', '공포/스릴러', 3, '어릴 적 아버지를 잃은 뒤 세상에 대한 불신만 남은 격투기 챔피언 용후. 어느 날 원인을 알 수 없는 깊은 상처가 손바닥에 생긴 것을 발견하고, 도움을 줄 누군가가 있다는 장소로 향한다. 그곳에서 바티칸에서 온 구마사제 안신부를 만나 자신의 상처 난 손에 특별한...', 'n');
insert into movie values(124, '러브 앳', '위고 젤랭', '프랑수와 시빌', '조세핀 자피', '2019-11-27', '멜로/로맨스', 5, '어느 날, 눈 떠보니 평행세계 아내 올리비아와 다투고 만취 상태로 잠에서 깨어난 ‘라파엘’은 평소와 다름을 느낀다. 같은 듯 다른 세상. 베스트셀러 스타 작가로서의 삶은 간데없고 중학교 선생님이라고! 베프 펠릭스는 탁구광이 되어 있고 결정적으로!! 아...', 'n');
insert into movie values(125, '시간을 달리는 소녀', '호소다 마모루', 'x', 'x', '2006-07-15', '애니메이션', 7, '평범한 고등학교 2학년 학생인 콘노 마코토는 어떤 사고를 계기로 본의 아니게 시간을 이동하는 능력을 얻게 된다. 어딘가 독특한 분위기를 풍기는 이모 요시야마 카즈코에게 상담을 해 본 결과, 그것은 타임 리프라 불리는 능력으로 마코토 또래의 여자아이들에게 자주 있는 일이라...', 'n');
insert into movie values(126, '겨울왕국', '크리스 벅', 'x', 'x', '2014-01-16', '애니메이션', 7, '서로가 최고의 친구였던 자매 ‘엘사’와 ‘안나’. 하지만 언니 엘사에게는 하나뿐인 동생에게조차 말 못할 비밀이 있다. 모든 것을 얼려버리는 신비로운 힘이 바로 그것. 엘사는 통제할 수 없는 자신의 힘이 두려워 왕국을 떠나고, 얼어버...', 'n');
insert into movie values(127, '겨울왕국2', '크리스 벅', 'x', 'x', '2019-11-21', '애니메이션', 7, '내 마법의 힘은 어디서 왔을까? 나를 부르는 저 목소리는 누구지? 어느 날부턴가 의문의 목소리가 엘사를 부르고, 평화로운 아렌델 왕국을 위협한다. 트롤은 모든 것은 과거에서 시작되었음을 알려주며 엘사의 힘의 비밀과 진실을 찾아 떠나야 한다고 조언한다. 위험에 빠진 아렌델 왕국을 ...', 'n');
insert into movie values(128, '노인을 위한 나라는 없다', '에단 코엔', '토미 리 존스', '하비에르 바르뎀', '2007-11-09', '공포/스릴러', 3, '르웰린 모스는 총격전이 벌어진 끔찍한 현장에서 우연히 이백만 달러가 들어있는 가방을 손에 넣는다. 그러나 이 가방을 찾는 또 다른 이가 있었으니 바로 살인마 안톤 시거. 그리고 이들의 뒤를 쫓는 보안관 벨 ...', 'n');
insert into movie values(129, '가장 보통의 연애', '김한결', '김래원', '공효진', '2019-10-02', '멜로/로맨스', 5, '전 여친에 상처받은 재훈. 여느 때처럼 숙취로 시작한 아침, 모르는 번호의 누군가와 밤새 2시간이나 통화한 기록을 발견하게 되고 그 상대가 바로! 통성명한지 24시간도 채 되지 않은 직장 동료 선영임을 알게 된다. 남친과 뒤끝 있는 이별 중인 선영. 새로운 회사로...', 'n');
insert into movie values(130, '조커', '토드 필립스', '호아킨 피닉스', '로버트 드 니로', '2019-10-02', '드라마', 8, '내 인생이 비극인줄 알았는데, 코미디였어 고담시의 광대 아서 플렉은 코미디언을 꿈꾸는 남자. 하지만 모두가 미쳐가는 코미디 같은 세상에서 맨 정신으로는 그가 설 자리가 없음을 깨닫게 되는데… 이제껏 본 적....', 'n');
insert into movie values(131, '예스터데이', '대니 보일', '히메쉬 파텔', '릴리 제임스', '2019-09-18', '코미디', 1, '인생을 바꿀 수 있는 선택의 순간이 당신에게도 찾아온다면? 하루하루 힘겹게 음악을 하던 무명 뮤지션 잭. 모든 것을 포기하려던 순간, 전세계가 동시에 정전이 된다. 다음 날 세상에선 비틀즈가 사라지고, 오직 잭만이 그들의 음악을....', 'n');
insert into movie values(132, '유열의 음악앨범', '정지우', '김고은', '정해인', '2019-08-28', '멜로/로맨스', 5, '오늘 기적이 일어났어요. 1994년 가수 유열이 라디오 DJ를 처음 진행하던 날, 엄마가 남겨준 빵집에서 일하던 미수는 우연히 찾아 온 현우를 만나 설레는 감정을 느끼게 되지만 뜻하지 않은 사건으로 인해 연락이 끊기게 된다.  그때, 나는 네가 돌아오지 않을 거라고 생각했어....', 'n');
insert into movie values(133, '윌터의 상상은 현실이 된다', '벤 스틸러', '벤 스틸러', '크리스틴 위그', '2013-12-31', '드라마', 8, '자신의 꿈은 접어둔 채 16년째 라이프 잡지사에서 포토 에디터로 일하고 있는 월터 미티. 해본 것도, 가본 곳도, 특별한 일도 없는 월터의 유일한 취미는 바로 상상! 상상 속에서만큼은 본 시리즈보다 용감한 히어로, 벤자민 버튼보다 로맨틱한 사랑의 주인공이 ....', 'n');
insert into movie values(134, '서치', '아니쉬 채겐티', '존 조', '데브라 메싱', '2018-08-29', '공포/스릴러', 3, '목요일 11:30 PM 딸의 부재중 전화 3통 그리고 딸이 사라지다 목요일 저녁, 딸 마고에게 걸려온 부재중 전화 3통. 아빠 데이빗은 그 후 연락이 닿지 않는 딸이 실종됐음을 알게된다. 경찰의 조사는 본격적으로 시작되지만 결정적인 단서들이 나오지 않는 가운...', 'n');
insert into movie values(135, '사바하', '장재현', '이정재', '박정민', '2019-02-20', '공포/스릴러', 3, '신흥 종교 비리를 찾아내는 종교문제연구소 박목사. 최근 사슴동산이라는 새로운 종교 단체를 조사 중이다. 영월 터널에서 여중생이 사체로 발견되는 사건이 발생하고 이를 쫓던 경찰과 우연히 사슴동산에서 마주친 박목사는 이번 건이 심상치 ...', 'n');

insert into review values(1, '리뷰1', '리뷰내용1', 1, 2, sysdate, 'n');
insert into review values(2, '리뷰2', '리뷰내용2', 1, 3, sysdate, 'n');
insert into review values(3, '리뷰3', '리뷰내용3', 1, 4, sysdate, 'n');
insert into review values(4, '리뷰4', '리뷰내용4', 1, 5, sysdate, 'n');
insert into review values(5, '리뷰5', '리뷰내용5', 1, 6, sysdate, 'n');
insert into review values(6, '리뷰6', '리뷰내용6', 1, 7, sysdate, 'n');
insert into review values(7, '리뷰7', '리뷰내용7', 1, 8, sysdate, 'n');
insert into review values(8, '리뷰8', '리뷰내용8', 1, 9, sysdate, 'n');
insert into review values(9, '리뷰9', '리뷰내용9', 1, 10, sysdate, 'n');
insert into review values(10, '리뷰10', '리뷰내용10', 1, 11, sysdate, 'n');
insert into review values(11, '리뷰11', '리뷰내용11', 1, 12, sysdate, 'n');
insert into review values(12, '리뷰12', '리뷰내용12', 2, 1, sysdate, 'n');
insert into review values(13, '리뷰13', '리뷰내용13', 2, 2, sysdate, 'n');
insert into review values(14, '리뷰14', '리뷰내용14', 2, 3, sysdate, 'n');
insert into review values(15, '리뷰15', '리뷰내용15', 2, 4, sysdate, 'n');
insert into review values(16, '리뷰16', '리뷰내용16', 2, 5, sysdate, 'n');
insert into review values(17, '리뷰17', '리뷰내용17', 2, 6, sysdate, 'n');
insert into review values(18, '리뷰18', '리뷰내용18', 2, 7, sysdate, 'n');
insert into review values(19, '리뷰19', '리뷰내용19', 2, 8, sysdate, 'n');
insert into review values(20, '리뷰20', '리뷰내용20', 2, 9, sysdate, 'n');
insert into review values(21, '리뷰21', '리뷰내용21', 2, 10, sysdate, 'n');
insert into review values(22, '리뷰22', '리뷰내용22', 2, 11, sysdate, 'n');
insert into review values(23, '리뷰23', '리뷰내용23', 2, 12, sysdate, 'n');
insert into review values(24, '리뷰24', '리뷰내용24', 2, 13, sysdate, 'n');
insert into review values(25, '리뷰25', '리뷰내용25', 2, 14, sysdate, 'n');
insert into review values(26, '리뷰26', '리뷰내용26', 2, 15, sysdate, 'n');
insert into review values(27, '리뷰27', '리뷰내용27', 2, 16, sysdate, 'n');
insert into review values(28, '리뷰28', '리뷰내용28', 2, 17, sysdate, 'n');
insert into review values(29, '리뷰29', '리뷰내용29', 2, 18, sysdate, 'n');
insert into review values(30, '리뷰30', '리뷰내용30', 2, 19, sysdate, 'n');
insert into review values(31, '리뷰31', '리뷰내용31', 2, 20, sysdate, 'n');
insert into review values(32, '리뷰32', '리뷰내용32', 2, 21, sysdate, 'n');
insert into review values(33, '리뷰33', '리뷰내용33', 2, 22, sysdate, 'n');
insert into review values(34, '리뷰34', '리뷰내용34', 2, 24, sysdate, 'n');
insert into review values(35, '리뷰35', '리뷰내용35', 2, 26, sysdate, 'n');
insert into review values(36, '리뷰36', '리뷰내용36', 2, 28, sysdate, 'n');
insert into review values(37, '리뷰37', '리뷰내용37', 2, 30, sysdate, 'n');
insert into review values(38, '리뷰38', '리뷰내용38', 2, 40, sysdate, 'n');
insert into review values(39, '리뷰39', '리뷰내용39', 2, 42, sysdate, 'n');
insert into review values(40, '리뷰40', '리뷰내용40', 2, 44, sysdate, 'n');
insert into review values(41, '리뷰41', '리뷰내용41', 2, 46, sysdate, 'n');
insert into review values(42, '리뷰42', '리뷰내용42', 2, 48, sysdate, 'n');
insert into review values(43, '리뷰43', '리뷰내용43', 2, 50, sysdate, 'n');
insert into review values(44, '리뷰44', '리뷰내용44', 2, 60, sysdate, 'n');
insert into review values(45, '리뷰45', '리뷰내용45', 2, 64, sysdate, 'n');
insert into review values(46, '리뷰46', '리뷰내용46', 2, 68, sysdate, 'n');
insert into review values(47, '리뷰47', '리뷰내용47', 2, 72, sysdate, 'n');
insert into review values(48, '리뷰48', '리뷰내용48', 2, 76, sysdate, 'n');
insert into review values(49, '리뷰49', '리뷰내용49', 2, 80, sysdate, 'n');
insert into review values(50, '리뷰50', '리뷰내용50', 2, 84, sysdate, 'n');
insert into review values(51, '리뷰51', '리뷰내용51', 2, 88, sysdate, 'n');
insert into review values(52, '리뷰52', '리뷰내용52', 2, 92, sysdate, 'n');
insert into review values(53, '리뷰53', '리뷰내용53', 2, 102, sysdate, 'n');
insert into review values(54, '리뷰54', '리뷰내용54', 2, 112, sysdate, 'n');
insert into review values(55, '리뷰55', '리뷰내용55', 2, 122, sysdate, 'n');
insert into review values(56, '리뷰56', '리뷰내용56', 3, 1, sysdate, 'n');
insert into review values(57, '리뷰57', '리뷰내용57', 3, 3, sysdate, 'n');
insert into review values(58, '리뷰58', '리뷰내용58', 3, 5, sysdate, 'n');
insert into review values(59, '리뷰59', '리뷰내용59', 3, 7, sysdate, 'n');
insert into review values(60, '리뷰60', '리뷰내용60', 3, 9, sysdate, 'n');
insert into review values(61, '리뷰61', '리뷰내용61', 3, 11, sysdate, 'n');
insert into review values(62, '리뷰62', '리뷰내용62', 3, 13, sysdate, 'n');
insert into review values(63, '리뷰63', '리뷰내용63', 4, 20, sysdate, 'n');
insert into review values(64, '리뷰64', '리뷰내용64', 4, 22, sysdate, 'n');
insert into review values(65, '리뷰65', '리뷰내용65', 4, 24, sysdate, 'n');
insert into review values(66, '리뷰66', '리뷰내용66', 4, 26, sysdate, 'n');
insert into review values(67, '리뷰67', '리뷰내용67', 5, 28, sysdate, 'n');
insert into review values(68, '리뷰68', '리뷰내용68', 5, 30, sysdate, 'n');
insert into review values(69, '리뷰69', '리뷰내용69', 6, 40, sysdate, 'n');
insert into review values(70, '리뷰70', '리뷰내용70', 6, 50, sysdate, 'n');
insert into review values(71, '리뷰71', '리뷰내용71', 7, 60, sysdate, 'n');
insert into review values(72, '리뷰72', '리뷰내용72', 7, 70, sysdate, 'n');
insert into review values(73, '리뷰73', '리뷰내용73', 8, 80, sysdate, 'n');
insert into review values(74, '리뷰74', '리뷰내용74', 8, 82, sysdate, 'n');
insert into review values(75, '리뷰75', '리뷰내용75', 8, 84, sysdate, 'n');
insert into review values(76, '리뷰76', '리뷰내용76', 8, 86, sysdate, 'n');
insert into review values(77, '리뷰77', '리뷰내용77', 8, 88, sysdate, 'n');
insert into review values(78, '리뷰78', '리뷰내용78', 9, 28, sysdate, 'n');
insert into review values(79, '리뷰79', '리뷰내용79', 10, 18, sysdate, 'n');
insert into review values(80, '리뷰80', '리뷰내용80', 11, 21, sysdate, 'n');
insert into review values(81, '리뷰81', '리뷰내용81', 12, 23, sysdate, 'n');
insert into review values(82, '리뷰82', '리뷰내용82', 12, 18, sysdate, 'n');
insert into review values(83, '리뷰83', '리뷰내용83', 12, 8, sysdate, 'n');
insert into review values(84, '리뷰84', '리뷰내용84', 16, 6, sysdate, 'n');
insert into review values(85, '리뷰85', '리뷰내용85', 16, 4, sysdate, 'n');
insert into review values(86, '리뷰86', '리뷰내용86', 18, 2, sysdate, 'n');
insert into review values(87, '리뷰87', '리뷰내용87', 18, 12, sysdate, 'n');
insert into review values(88, '리뷰88', '리뷰내용88', 18, 22, sysdate, 'n');

insert into stars values(1, 1, 1);
insert into stars values(2, 1, 2);
insert into stars values(3, 1, 3);
insert into stars values(4, 1, 5);
insert into stars values(5, 1, 6);
insert into stars values(4, 1, 7);
insert into stars values(3, 1, 10);
insert into stars values(2, 1, 11);
insert into stars values(1, 1, 13);
insert into stars values(2, 1, 15);
insert into stars values(3, 1, 16);
insert into stars values(4, 1, 17);
insert into stars values(5, 1, 18);
insert into stars values(4, 1, 19);
insert into stars values(3, 1, 20);
insert into stars values(2, 1, 24);
insert into stars values(1, 1, 28);
insert into stars values(2, 1, 32);
insert into stars values(3, 1, 36);
insert into stars values(4, 1, 40);
insert into stars values(5, 1, 44);
insert into stars values(1, 1, 48);
insert into stars values(2, 1, 52);
insert into stars values(3, 1, 59);
insert into stars values(4, 1, 60);
insert into stars values(5, 1, 61);
insert into stars values(4, 1, 62);
insert into stars values(3, 1, 63);
insert into stars values(2, 1, 64);
insert into stars values(1, 1, 65);
insert into stars values(1, 1, 66);
insert into stars values(2, 1, 67);
insert into stars values(3, 1, 68);
insert into stars values(4, 1, 69);
insert into stars values(5, 1, 70);
insert into stars values(4, 1, 71);
insert into stars values(3, 1, 72);
insert into stars values(2, 1, 73);
insert into stars values(1, 1, 74);
insert into stars values(2, 1, 75);
insert into stars values(3, 1, 76);
insert into stars values(4, 1, 77);
insert into stars values(5, 1, 78);
insert into stars values(4, 1, 79);
insert into stars values(3, 1, 80);
insert into stars values(2, 1, 81);
insert into stars values(1, 1, 82);
insert into stars values(2, 1, 83);
insert into stars values(3, 1, 84);
insert into stars values(4, 1, 85);
insert into stars values(5, 1, 86);
insert into stars values(4, 1, 87);
insert into stars values(3, 1, 88);
insert into stars values(2, 1, 89);
insert into stars values(1, 1, 90);
insert into stars values(2, 2, 2);
insert into stars values(3, 2, 4);
insert into stars values(4, 2, 6);
insert into stars values(5, 2, 8);
insert into stars values(4, 2, 10);
insert into stars values(3, 2, 12);
insert into stars values(2, 2, 14);
insert into stars values(1, 2, 16);
insert into stars values(2, 2, 18);
insert into stars values(3, 2, 20);
insert into stars values(4, 2, 22);
insert into stars values(5, 2, 24);
insert into stars values(4, 2, 26);
insert into stars values(3, 2, 28);
insert into stars values(2, 2, 30);
insert into stars values(1, 2, 32);
insert into stars values(2, 2, 34);
insert into stars values(3, 2, 36);
insert into stars values(4, 2, 38);
insert into stars values(5, 2, 40);
insert into stars values(4, 2, 42);
insert into stars values(3, 2, 44);
insert into stars values(2, 2, 46);
insert into stars values(1, 2, 48);
insert into stars values(2, 2, 50);
insert into stars values(3, 2, 52);
insert into stars values(4, 2, 54);
insert into stars values(5, 2, 56);
insert into stars values(4, 2, 58);
insert into stars values(3, 2, 60);
insert into stars values(2, 2, 62);
insert into stars values(1, 2, 64);
insert into stars values(2, 2, 66);
insert into stars values(3, 2, 68);
insert into stars values(4, 2, 70);
insert into stars values(5, 2, 72);
insert into stars values(4, 2, 74);
insert into stars values(3, 2, 76);
insert into stars values(1, 2, 78);
insert into stars values(2, 2, 80);
insert into stars values(3, 2, 82);
insert into stars values(4, 2, 84);
insert into stars values(5, 2, 86);
insert into stars values(4, 2, 88);
insert into stars values(3, 2, 90);
insert into stars values(2, 2, 92);
insert into stars values(1, 2, 94);
insert into stars values(1, 2, 96);
insert into stars values(2, 2, 98);
insert into stars values(3, 2, 100);
insert into stars values(4, 2, 102);
insert into stars values(5, 2, 104);
insert into stars values(4, 2, 106);
insert into stars values(3, 2, 108);
insert into stars values(2, 2, 110);
insert into stars values(1, 2, 112);
insert into stars values(2, 3, 78);
insert into stars values(1, 3, 80);
insert into stars values(2, 3, 82);
insert into stars values(3, 3, 84);
insert into stars values(4, 3, 86);
insert into stars values(5, 3, 88);
insert into stars values(4, 3, 90);
insert into stars values(3, 3, 92);
insert into stars values(2, 3, 94);
insert into stars values(1, 3, 96);
insert into stars values(2, 3, 98);
insert into stars values(3, 3, 100);
insert into stars values(4, 3, 102);
insert into stars values(5, 3, 104);
insert into stars values(4, 3, 106);
insert into stars values(3, 4, 108);
insert into stars values(2, 4, 110);
insert into stars values(1, 4, 112);
insert into stars values(2, 4, 114);
insert into stars values(3, 4, 116);
insert into stars values(4, 4, 118);
insert into stars values(5, 4, 120);
insert into stars values(4, 4, 122);
insert into stars values(3, 4, 124);
insert into stars values(1, 3, 1);
insert into stars values(2, 3, 3);
insert into stars values(3, 3, 5);
insert into stars values(4, 3, 7);
insert into stars values(5, 3, 9);
insert into stars values(4, 3, 11);
insert into stars values(3, 4, 13);
insert into stars values(2, 4, 15);
insert into stars values(1, 4, 17);
insert into stars values(1, 5, 19);
insert into stars values(2, 5, 21);
insert into stars values(3, 6, 1);
insert into stars values(4, 6, 3);
insert into stars values(5, 6, 5);
insert into stars values(4, 6, 7);
insert into stars values(3, 6, 9);
insert into stars values(2, 6, 11);
insert into stars values(1, 6, 13);
insert into stars values(1, 6, 15);
insert into stars values(2, 6, 17);
insert into stars values(3, 7, 1);
insert into stars values(4, 7, 3);
insert into stars values(5, 7, 5);
insert into stars values(4, 7, 7);
insert into stars values(3, 7, 9);
insert into stars values(2, 7, 11);
insert into stars values(1, 7, 13);
insert into stars values(1, 7, 15);
insert into stars values(2, 7, 17);
insert into stars values(3, 7, 19);
insert into stars values(4, 7, 21);
insert into stars values(5, 7, 23);
insert into stars values(4, 7, 25);
insert into stars values(3, 7, 27);
insert into stars values(2, 7, 29);
insert into stars values(1, 7, 31);
insert into stars values(1, 7, 33);
insert into stars values(2, 8, 2);
insert into stars values(3, 8, 4);
insert into stars values(4, 8, 6);
insert into stars values(5, 8, 8);
insert into stars values(4, 8, 10);
insert into stars values(3, 8, 12);
insert into stars values(2, 8, 14);
insert into stars values(1, 8, 16);
insert into stars values(1, 8, 18);
insert into stars values(2, 8, 20);
insert into stars values(3, 8, 22);
insert into stars values(4, 8, 24);
insert into stars values(5, 8, 26);
insert into stars values(4, 8, 28);
insert into stars values(3, 8, 30);
insert into stars values(2, 8, 32);
insert into stars values(1, 8, 34);
insert into stars values(1, 8, 36);
insert into stars values(2, 8, 38);
insert into stars values(3, 8, 40);
insert into stars values(4, 8, 42);
insert into stars values(5, 8, 44);
insert into stars values(4, 8, 46);
insert into stars values(3, 8, 48);
insert into stars values(2, 8, 50);
insert into stars values(1, 8, 52);
insert into stars values(1, 8, 54);
insert into stars values(2, 8, 56);
insert into stars values(3, 8, 58);
insert into stars values(4, 8, 60);
insert into stars values(5, 8, 62);
insert into stars values(4, 8, 64);
insert into stars values(3, 8, 66);
insert into stars values(2, 8, 68);
insert into stars values(1, 8, 70);
insert into stars values(1, 8, 72);
insert into stars values(2, 8, 122);
insert into stars values(3, 8, 120);
insert into stars values(4, 8, 124);
insert into stars values(5, 8, 126);
insert into stars values(4, 9, 1);
insert into stars values(3, 9, 3);
insert into stars values(2, 9, 5);
insert into stars values(1, 9, 7);
insert into stars values(1, 9, 9);
insert into stars values(2, 9, 11);
insert into stars values(3, 9, 13);
insert into stars values(4, 9, 15);
insert into stars values(5, 9, 17);
insert into stars values(4, 10, 100);
insert into stars values(3, 11, 110);
insert into stars values(2, 12, 120);
insert into stars values(1, 12, 130);
insert into stars values(1, 12, 131);
insert into stars values(2, 12, 132);
insert into stars values(3, 12, 133);
insert into stars values(4, 12, 134);
insert into stars values(5, 12, 135);
insert into stars values(4, 12, 122);
insert into stars values(3, 12, 121);
insert into stars values(2, 12, 120);
insert into stars values(1, 12, 119);
insert into stars values(1, 12, 118);
insert into stars values(2, 12, 117);
insert into stars values(3, 12, 116);
insert into stars values(4, 12, 115);
insert into stars values(5, 12, 114);
insert into stars values(4, 12, 113);
insert into stars values(3, 12, 112);
insert into stars values(2, 13, 111);
insert into stars values(1, 13, 110);
insert into stars values(1, 14, 135);
insert into stars values(2, 14, 134);
insert into stars values(3, 15, 133);
insert into stars values(4, 15, 132);
insert into stars values(5, 16, 131);
insert into stars values(4, 16, 130);
insert into stars values(3, 16, 111);
insert into stars values(2, 16, 112);
insert into stars values(1, 17, 113);
insert into stars values(1, 17, 114);
insert into stars values(2, 18, 2);
insert into stars values(3, 18, 4);
insert into stars values(4, 18, 6);
insert into stars values(5, 18, 8);
insert into stars values(4, 18, 10);
insert into stars values(3, 18, 12);
insert into stars values(2, 18, 14);
insert into stars values(1, 18, 16);
insert into stars values(1, 18, 18);
insert into stars values(2, 18, 20);
insert into stars values(3, 18, 22);
insert into stars values(4, 18, 24);
insert into stars values(5, 18, 26);
insert into stars values(4, 18, 28);
insert into stars values(3, 18, 30);
insert into stars values(2, 18, 32);
insert into stars values(1, 18, 34);
insert into stars values(1, 18, 36);
insert into stars values(2, 18, 38);
insert into stars values(3, 18, 40);
insert into stars values(4, 18, 42);
insert into stars values(5, 18, 44);
insert into stars values(4, 18, 46);
insert into stars values(3, 18, 48);
insert into stars values(2, 18, 50);
insert into stars values(1, 18, 52);
insert into stars values(1, 19, 54);
insert into stars values(2, 20, 56);
insert into stars values(3, 20, 58);
insert into stars values(4, 21, 60);
insert into stars values(5, 21, 62);
insert into stars values(4, 22, 64);
insert into stars values(3, 22, 66);
insert into stars values(2, 22, 68);
insert into stars values(1, 22, 70);
insert into stars values(1, 23, 72);
insert into stars values(2, 24, 74);
insert into stars values(3, 25, 1);
insert into stars values(4, 26, 3);
insert into stars values(5, 27, 5);
insert into stars values(4, 28, 7);
insert into stars values(3, 29, 9);
insert into stars values(2, 30, 11);
insert into stars values(1, 31, 13);
insert into stars values(1, 32, 51);
insert into stars values(2, 34, 61);
insert into stars values(3, 36, 63);
insert into stars values(4, 38, 65);
insert into stars values(5, 40, 67);
insert into stars values(4, 60, 61);
insert into stars values(3, 60, 63);
insert into stars values(2, 60, 65);
insert into stars values(1, 60, 67);
insert into stars values(1, 60, 69);
insert into stars values(2, 60, 71);
insert into stars values(3, 60, 73);
insert into stars values(4, 60, 75);
insert into stars values(5, 60, 77);
insert into stars values(4, 60, 79);
insert into stars values(3, 60, 81);
insert into stars values(2, 60, 83);
insert into stars values(1, 60, 85);
insert into stars values(1, 60, 87);
insert into stars values(2, 60, 89);
insert into stars values(3, 60, 91);
insert into stars values(4, 60, 93);
insert into stars values(5, 60, 95);
insert into stars values(4, 60, 97);
insert into stars values(3, 60, 99);
insert into stars values(2, 60, 101);
insert into stars values(1, 60, 103);
insert into stars values(1, 60, 105);
insert into stars values(2, 60, 107);
insert into stars values(3, 60, 109);
insert into stars values(3, 60, 111);